time [s],button1_clicks,button2_clicks,button_state_1,button_state_2,
5e-07,34,1,0,1,
0.0100001,34,1,0,1,
0.0200001,34,1,0,1,
0.0300001,34,1,0,1,
0.0400001,34,1,0,1,
0.0500001,34,1,0,1,
0.0600001,34,1,0,1,
0.0700001,34,1,0,1,
0.0800001,34,1,0,1,
0.0900001,34,1,0,1,
0.1,34,1,0,1,
0.11,34,1,0,1,
0.12,34,1,0,1,
0.13,34,1,0,1,
0.14,34,1,0,1,
0.15,34,1,0,1,
0.16,34,1,0,1,
0.17,34,1,0,1,
0.18,34,1,0,1,
0.19,34,1,0,1,
0.2,34,1,0,1,
0.21,34,1,0,1,
0.22,34,1,0,1,
0.23,34,1,0,1,
0.24,34,1,0,1,
0.25,34,1,0,1,
0.26,34,1,0,1,
0.27,34,1,0,1,
0.28,34,1,0,1,
0.29,34,1,0,1,
0.3,34,1,0,1,
0.31,34,1,0,1,
0.32,34,1,0,1,
0.33,34,1,0,1,
0.34,34,1,0,1,
0.35,34,1,0,1,
0.36,34,1,0,1,
0.37,34,1,0,1,
0.38,34,1,0,1,
0.39,34,1,0,1,
0.4,34,1,0,1,
0.41,34,1,0,1,
0.42,34,1,0,1,
0.43,34,1,0,1,
0.44,34,1,0,1,
0.45,34,1,0,1,
0.46,34,1,0,1,
0.47,34,1,0,1,
0.48,34,1,0,1,
0.49,34,1,0,1,
0.5,34,1,0,1,
0.51,34,1,0,1,
0.52,34,1,0,1,
0.53,34,1,0,1,
0.54,34,1,0,1,
0.55,34,1,0,1,
0.56,34,1,0,1,
0.57,34,1,0,1,
0.58,34,1,0,1,
0.59,34,1,0,1,
0.6,34,1,0,1,
0.61,34,1,0,1,
0.62,34,1,0,1,
0.63,34,1,0,1,
0.64,34,1,0,1,
0.65,34,1,0,1,
0.66,34,1,0,1,
0.67,34,1,0,1,
0.68,34,1,0,1,
0.69,34,1,0,1,
0.7,34,1,0,1,
0.71,34,1,0,1,
0.72,34,1,0,1,
0.73,34,1,0,1,
0.74,34,1,0,1,
0.75,34,1,0,1,
0.76,34,1,0,1,
0.77,34,1,0,1,
0.78,34,1,0,1,
0.79,34,1,0,1,
0.8,34,1,0,1,
0.81,34,1,0,1,
0.82,34,1,0,1,
0.83,34,1,0,1,
0.84,34,1,0,1,
0.85,34,1,0,1,
0.86,34,1,0,1,
0.87,34,1,0,1,
0.88,34,1,0,1,
0.89,34,1,0,1,
0.9,34,1,0,1,
0.91,34,1,0,1,
0.92,34,1,0,1,
0.93,34,1,0,1,
0.94,34,1,0,1,
0.95,34,1,0,1,
0.96,34,1,0,1,
0.97,34,1,0,1,
0.98,34,1,0,1,
0.99,34,1,0,1,
1,34,1,0,1,
1.01,34,1,0,1,
1.02,34,1,0,1,
1.03,34,1,0,1,
1.04,34,1,0,1,
1.05,34,1,0,1,
1.06,34,1,0,1,
1.07,34,1,0,1,
1.08,34,1,0,1,
1.09,34,1,0,1,
1.1,34,1,0,1,
1.11,34,1,0,1,
1.12,34,1,0,1,
1.13,34,1,0,1,
1.14,34,1,0,1,
1.15,34,1,0,1,
1.16,34,1,0,1,
1.17,34,1,0,1,
1.18,34,1,0,1,
1.19,34,1,0,1,
1.2,34,1,0,1,
1.21,34,1,0,1,
1.22,34,1,0,1,
1.23,34,1,0,1,
1.24,34,1,0,1,
1.25,34,1,0,1,
1.26,34,1,0,1,
1.27,34,1,0,1,
1.28,34,1,0,1,
1.29,34,1,0,1,
1.3,34,1,0,1,
1.31,34,1,0,1,
1.32,34,1,0,1,
1.33,34,1,0,1,
1.34,34,1,0,1,
1.35,34,1,0,1,
1.36,34,1,0,1,
1.37,35,1,1,1,
1.38,35,1,1,1,
1.39,35,1,1,1,
1.4,35,1,1,1,
1.41,35,1,1,1,
1.42,35,1,1,1,
1.43,35,1,1,1,
1.44,35,1,1,1,
1.45,35,1,1,1,
1.46,35,1,1,1,
1.47,35,1,1,1,
1.48,35,1,1,1,
1.49,35,1,1,1,
1.5,35,1,1,1,
1.51,35,1,1,1,
1.52,35,1,1,1,
1.53,35,1,1,1,
1.54,35,1,1,1,
1.55,35,1,1,1,
1.56,35,1,1,1,
1.57,35,1,1,1,
1.58,35,1,1,1,
1.59,35,1,1,1,
1.6,35,1,1,1,
1.61,35,1,1,1,
1.62,35,1,1,1,
1.63,35,1,1,1,
1.64,35,1,1,1,
1.65,35,1,1,1,
1.66,35,1,1,1,
1.67,35,1,1,1,
1.68,35,1,1,1,
1.69,35,1,1,1,
1.7,35,1,1,1,
1.71,35,1,1,1,
1.72,35,1,1,1,
1.73,35,1,1,1,
1.74,35,1,1,1,
1.75,35,1,1,1,
1.76,35,1,1,1,
1.77,35,1,1,1,
1.78,35,1,1,1,
1.79,35,1,1,1,
1.8,35,1,1,1,
1.81,35,1,1,1,
1.82,35,1,1,1,
1.83,35,1,1,1,
1.84,35,1,1,1,
1.85,35,1,1,1,
1.86,35,1,1,1,
1.87,35,1,1,1,
1.88,35,1,1,1,
1.89,35,1,1,1,
1.9,35,1,1,1,
1.91,35,1,1,1,
1.92,36,1,0,1,
1.93,36,1,0,1,
1.94,36,1,0,1,
1.95,36,1,0,1,
1.96,36,1,0,1,
1.97,36,1,0,1,
1.98,36,1,0,1,
1.99,36,1,0,1,
2,36,1,0,1,
2.01,36,1,0,1,
2.02,36,1,0,1,
2.03,36,1,0,1,
2.04,36,1,0,1,
2.05,36,1,0,1,
2.06,36,1,0,1,
2.07,36,1,0,1,
2.08,36,1,0,1,
2.09,36,1,0,1,
2.1,36,1,0,1,
2.11,36,1,0,1,
2.12,36,1,0,1,
2.13,36,1,0,1,
2.14,36,1,0,1,
2.15,36,1,0,1,
2.16,36,1,0,1,
2.17,36,1,0,1,
2.18,36,1,0,1,
2.19,36,1,0,1,
2.2,36,1,0,1,
2.21,36,1,0,1,
2.22,36,1,0,1,
2.23,36,1,0,1,
2.24,36,1,0,1,
2.25,36,1,0,1,
2.26,36,1,0,1,
2.27,36,1,0,1,
2.28,36,1,0,1,
2.29,36,1,0,1,
2.3,36,1,0,1,
2.31,36,1,0,1,
2.32,36,1,0,1,
2.33,36,1,0,1,
2.34,36,1,0,1,
2.35,36,1,0,1,
2.36,36,1,0,1,
2.37,36,1,0,1,
2.38,36,1,0,1,
2.39,36,1,0,1,
2.4,36,1,0,1,
2.41,36,1,0,1,
2.42,36,1,0,1,
2.43,36,1,0,1,
2.44,36,1,0,1,
2.45,36,1,0,1,
2.46,36,1,0,1,
2.47,36,1,0,1,
2.48,36,1,0,1,
2.49,36,1,0,1,
2.5,36,1,0,1,
2.51002,36,1,0,1,
2.52,36,1,0,1,
2.53,37,1,1,1,
2.54,37,1,1,1,
2.55,37,1,1,1,
2.56,37,1,1,1,
2.57,37,1,1,1,
2.58,37,1,1,1,
2.59,37,1,1,1,
2.6,37,1,1,1,
2.61,37,1,1,1,
2.62,37,1,1,1,
2.63,37,1,1,1,
2.64,37,1,1,1,
2.65,37,1,1,1,
2.66,37,1,1,1,
2.67,37,1,1,1,
2.68,37,1,1,1,
2.69,37,1,1,1,
2.7,37,1,1,1,
2.71,37,1,1,1,
2.72,37,1,1,1,
2.73,37,1,1,1,
2.74,37,1,1,1,
2.75,37,1,1,1,
2.76,37,1,1,1,
2.77,37,1,1,1,
2.78001,37,1,1,1,
2.79,37,1,1,1,
2.8,37,1,1,1,
2.81,37,1,1,1,
2.82,37,1,1,1,
2.83,37,1,1,1,
2.84,37,1,1,1,
2.85,37,1,1,1,
2.86,37,1,1,1,
2.87,37,1,1,1,
2.88,37,1,1,1,
2.89,37,1,1,1,
2.9,37,1,1,1,
2.91,37,1,1,1,
2.92,37,1,1,1,
2.93,37,1,1,1,
2.94,37,1,1,1,
2.95,37,1,1,1,
2.96,37,1,1,1,
2.97001,37,1,1,1,
2.98,37,1,1,1,
2.99,37,1,1,1,
3,37,1,1,1,
3.01,37,1,1,1,
3.02,37,1,1,1,
3.03,37,1,1,1,
3.04,37,1,1,1,
3.05,37,1,1,1,
3.06,37,1,1,1,
3.07,37,1,1,1,
3.08,37,1,1,1,
3.09,37,1,1,1,
3.1,37,1,1,1,
3.11,37,1,1,1,
3.12,37,1,1,1,
3.13,37,1,1,1,
3.14,38,1,0,1,
3.15,38,1,0,1,
3.16,38,1,0,1,
3.17,38,1,0,1,
3.18,38,1,0,1,
3.19,38,1,0,1,
3.2,38,1,0,1,
3.21,38,1,0,1,
3.22,38,1,0,1,
3.23,38,1,0,1,
3.24,38,1,0,1,
3.25,38,1,0,1,
3.26,38,1,0,1,
3.27,38,1,0,1,
3.28,38,1,0,1,
3.29,38,1,0,1,
3.3,38,1,0,1,
3.31001,38,1,0,1,
3.32,38,1,0,1,
3.33,38,1,0,1,
3.34,38,1,0,1,
3.35,38,1,0,1,
3.36,38,1,0,1,
3.37,38,1,0,1,
3.38,38,1,0,1,
3.39,38,1,0,1,
3.4,38,1,0,1,
3.41,38,1,0,1,
3.42,38,1,0,1,
3.43,38,1,0,1,
3.44,38,1,0,1,
3.45,38,1,0,1,
3.46,38,1,0,1,
3.47,38,1,0,1,
3.48,38,1,0,1,
3.49,38,1,0,1,
3.5,38,1,0,1,
3.51,38,1,0,1,
3.52,38,1,0,1,
3.53,38,1,0,1,
3.54,38,1,0,1,
3.55,38,1,0,1,
3.56001,38,1,0,1,
3.57,38,1,0,1,
3.58,38,1,0,1,
3.59,38,1,0,1,
3.6,38,1,0,1,
3.61,38,1,0,1,
3.62,38,1,0,1,
3.63,38,1,0,1,
3.64,38,1,0,1,
3.65,38,1,0,1,
3.66,38,1,0,1,
3.67,38,1,0,1,
3.68,39,1,1,1,
3.69,39,1,1,1,
3.7,39,1,1,1,
3.71,39,1,1,1,
3.72,39,1,1,1,
3.73,39,1,1,1,
3.74,39,1,1,1,
3.75,39,1,1,1,
3.76,39,1,1,1,
3.77,39,1,1,1,
3.78,39,1,1,1,
3.79,39,1,1,1,
3.8,39,1,1,1,
3.81,39,1,1,1,
3.82,39,1,1,1,
3.83,39,1,1,1,
3.84,39,1,1,1,
3.85,39,1,1,1,
3.86,39,1,1,1,
3.87,39,1,1,1,
3.88,39,1,1,1,
3.89,39,1,1,1,
3.9,39,1,1,1,
3.91,39,1,1,1,
3.92,39,1,1,1,
3.93,39,1,1,1,
3.94,39,1,1,1,
3.95,39,1,1,1,
3.96,39,1,1,1,
3.97,39,1,1,1,
3.98,39,1,1,1,
3.99,39,1,1,1,
4,39,1,1,1,
4.01,39,1,1,1,
4.02,39,1,1,1,
4.03,39,1,1,1,
4.04,39,1,1,1,
4.05,39,1,1,1,
4.06,39,1,1,1,
4.07,39,1,1,1,
4.08,39,1,1,1,
4.09,39,1,1,1,
4.1,39,1,1,1,
4.11,39,1,1,1,
4.12,39,1,1,1,
4.13,39,1,1,1,
4.14,39,1,1,1,
4.15,39,1,1,1,
4.16,39,1,1,1,
4.17,39,1,1,1,
4.18,40,1,0,1,
4.19,40,1,0,1,
4.2,40,1,0,1,
4.21,40,1,0,1,
4.22,40,1,0,1,
4.23,40,1,0,1,
4.24,40,1,0,1,
4.25,40,1,0,1,
4.26,40,1,0,1,
4.27,40,1,0,1,
4.28,40,1,0,1,
4.29,40,1,0,1,
4.3,40,1,0,1,
4.31,40,1,0,1,
4.32,40,1,0,1,
4.33,40,1,0,1,
4.34,40,1,0,1,
4.35,40,1,0,1,
4.36,40,1,0,1,
4.37,40,1,0,1,
4.38,40,1,0,1,
4.39,40,1,0,1,
4.4,40,1,0,1,
4.41,40,1,0,1,
4.42,40,1,0,1,
4.43,40,1,0,1,
4.44,40,1,0,1,
4.45,40,1,0,1,
4.46,40,1,0,1,
4.47,40,1,0,1,
4.48,40,1,0,1,
4.49,40,1,0,1,
4.5,40,1,0,1,
4.51,40,1,0,1,
4.52,40,1,0,1,
4.53,40,1,0,1,
4.54,40,1,0,1,
4.55,40,1,0,1,
4.56,40,1,0,1,
4.57,40,1,0,1,
4.58,40,1,0,1,
4.59,40,1,0,1,
4.6,40,1,0,1,
4.61,40,1,0,1,
4.62,40,1,0,1,
4.63,40,1,0,1,
4.64,40,1,0,1,
4.65,40,1,0,1,
4.66,40,1,0,1,
4.67,41,1,1,1,
4.68,41,1,1,1,
4.69,41,1,1,1,
4.7,41,1,1,1,
4.71,41,1,1,1,
4.72,41,1,1,1,
4.73,41,1,1,1,
4.74,41,1,1,1,
4.75,41,1,1,1,
4.76,41,1,1,1,
4.77,41,1,1,1,
4.78,41,1,1,1,
4.79,41,1,1,1,
4.8,41,1,1,1,
4.81,41,1,1,1,
4.82,41,1,1,1,
4.83,41,1,1,1,
4.84,41,1,1,1,
4.85,41,1,1,1,
4.86,41,1,1,1,
4.87,41,1,1,1,
4.88,41,1,1,1,
4.89,41,1,1,1,
4.9,41,1,1,1,
4.91,41,1,1,1,
4.92,41,1,1,1,
4.93,41,1,1,1,
4.94,41,1,1,1,
4.95,41,1,1,1,
4.96,41,1,1,1,
4.97,41,1,1,1,
4.98,41,1,1,1,
4.99,41,1,1,1,
5,41,1,1,1,
5.01,41,1,1,1,
5.02,41,1,1,1,
5.03,41,1,1,1,
5.04,41,1,1,1,
5.05,41,1,1,1,
5.06,41,1,1,1,
5.07,41,1,1,1,
5.08,41,1,1,1,
5.09,41,1,1,1,
5.1,41,1,1,1,
5.11,41,1,1,1,
5.12,41,1,1,1,
5.13,41,1,1,1,
5.14,41,1,1,1,
5.15,41,1,1,1,
5.16,42,1,0,1,
5.17,42,1,0,1,
5.18,42,1,0,1,
5.19,42,1,0,1,
5.2,42,1,0,1,
5.21,42,1,0,1,
5.22,42,1,0,1,
5.23,42,1,0,1,
5.24,42,1,0,1,
5.25,42,1,0,1,
5.26,42,1,0,1,
5.27,42,1,0,1,
5.28,42,1,0,1,
5.29,42,1,0,1,
5.3,42,1,0,1,
5.31,42,1,0,1,
5.32,42,1,0,1,
5.33,42,1,0,1,
5.34,42,1,0,1,
5.35,42,1,0,1,
5.36,42,1,0,1,
5.37,42,1,0,1,
5.38,42,1,0,1,
5.39,42,1,0,1,
5.4,42,1,0,1,
5.41,42,1,0,1,
5.42,42,1,0,1,
5.43,42,1,0,1,
5.44,42,1,0,1,
5.45,42,1,0,1,
5.46,42,1,0,1,
5.47,42,1,0,1,
5.48,42,1,0,1,
5.49,42,1,0,1,
5.5,42,1,0,1,
5.51,42,1,0,1,
5.52,42,1,0,1,
5.53,42,1,0,1,
5.54,42,1,0,1,
5.55,42,1,0,1,
5.56,42,1,0,1,
5.57,42,1,0,1,
5.58,42,1,0,1,
5.59,42,1,0,1,
5.6,42,1,0,1,
5.61,42,1,0,1,
5.62,43,1,1,1,
5.63,43,1,1,1,
5.64,43,1,1,1,
5.65,43,1,1,1,
5.66,43,1,1,1,
5.67,43,1,1,1,
5.68,43,1,1,1,
5.69,43,1,1,1,
5.7,43,1,1,1,
5.71,43,1,1,1,
5.72,43,1,1,1,
5.73,43,1,1,1,
5.74,43,1,1,1,
5.75,43,1,1,1,
5.76,43,1,1,1,
5.77,43,1,1,1,
5.78,43,1,1,1,
5.79,43,1,1,1,
5.8,43,1,1,1,
5.81,43,1,1,1,
5.82,43,1,1,1,
5.83,43,1,1,1,
5.84,43,1,1,1,
5.85,43,1,1,1,
5.86,43,1,1,1,
5.87,43,1,1,1,
5.88,43,1,1,1,
5.89,43,1,1,1,
5.9,43,1,1,1,
5.91,43,1,1,1,
5.92,43,1,1,1,
5.93,43,1,1,1,
5.94,43,1,1,1,
5.95,43,1,1,1,
5.96,43,1,1,1,
5.97,43,1,1,1,
5.98,43,1,1,1,
5.99,43,1,1,1,
6,43,1,1,1,
6.01,43,1,1,1,
6.02,43,1,1,1,
6.03004,43,1,1,1,
6.04,43,1,1,1,
6.05,43,1,1,1,
6.06,44,1,0,1,
6.07,44,1,0,1,
6.08,44,1,0,1,
6.09,44,1,0,1,
6.1,44,1,0,1,
6.11,44,1,0,1,
6.12,44,1,0,1,
6.13,44,1,0,1,
6.14,44,1,0,1,
6.15,44,1,0,1,
6.16,44,1,0,1,
6.17,44,1,0,1,
6.18,44,1,0,1,
6.19,44,1,0,1,
6.2,44,1,0,1,
6.21,44,1,0,1,
6.22,44,1,0,1,
6.23,44,1,0,1,
6.24,44,1,0,1,
6.25,44,1,0,1,
6.26,44,1,0,1,
6.27,44,1,0,1,
6.28,44,1,0,1,
6.29,44,1,0,1,
6.3,44,1,0,1,
6.31,44,1,0,1,
6.32,44,1,0,1,
6.33,44,1,0,1,
6.34,44,1,0,1,
6.35,44,1,0,1,
6.36,44,1,0,1,
6.37,44,1,0,1,
6.38,44,1,0,1,
6.39,44,1,0,1,
6.4,44,1,0,1,
6.41,44,1,0,1,
6.42,44,1,0,1,
6.43,44,1,0,1,
6.44,44,1,0,1,
6.45,44,1,0,1,
6.46,44,1,0,1,
6.47,44,1,0,1,
6.48,44,1,0,1,
6.49,44,1,0,1,
6.5,44,1,0,1,
6.51,44,1,0,1,
6.52,44,1,0,1,
6.53,45,1,1,1,
6.54,45,1,1,1,
6.55,45,1,1,1,
6.56,45,1,1,1,
6.57,45,1,1,1,
6.58,45,1,1,1,
6.59,45,1,1,1,
6.6,45,1,1,1,
6.61,45,1,1,1,
6.62,45,1,1,1,
6.63,45,1,1,1,
6.64,45,1,1,1,
6.65,45,1,1,1,
6.66,45,1,1,1,
6.67,45,1,1,1,
6.68,45,1,1,1,
6.69,45,1,1,1,
6.7,45,1,1,1,
6.71,45,1,1,1,
6.72,45,1,1,1,
6.73,45,1,1,1,
6.74,45,1,1,1,
6.75,45,1,1,1,
6.76,45,1,1,1,
6.77,45,1,1,1,
6.78,45,1,1,1,
6.79,45,1,1,1,
6.8,45,1,1,1,
6.81,45,1,1,1,
6.82,45,1,1,1,
6.83,45,1,1,1,
6.84,45,1,1,1,
6.85,45,1,1,1,
6.86,45,1,1,1,
6.87,45,1,1,1,
6.88,45,1,1,1,
6.89,45,1,1,1,
6.9,45,1,1,1,
6.91,45,1,1,1,
6.92,45,1,1,1,
6.93,45,1,1,1,
6.94,45,1,1,1,
6.95,45,1,1,1,
6.96,45,1,1,1,
6.97,45,1,1,1,
6.98,45,1,1,1,
6.99,45,1,1,1,
7,45,1,1,1,
7.01,45,1,1,1,
7.02,45,1,1,1,
7.03,46,1,0,1,
7.04,46,1,0,1,
7.05,46,1,0,1,
7.06,46,1,0,1,
7.07,46,1,0,1,
7.08,46,1,0,1,
7.09,46,1,0,1,
7.1,46,1,0,1,
7.11,46,1,0,1,
7.12,46,1,0,1,
7.13,46,1,0,1,
7.14,46,1,0,1,
7.15,46,1,0,1,
7.16,46,1,0,1,
7.17,46,1,0,1,
7.18,46,1,0,1,
7.19,46,1,0,1,
7.2,46,1,0,1,
7.21,46,1,0,1,
7.22,46,1,0,1,
7.23,46,1,0,1,
7.24,46,1,0,1,
7.25,46,1,0,1,
7.26,46,1,0,1,
7.27,46,1,0,1,
7.28,46,1,0,1,
7.29,46,1,0,1,
7.3,46,1,0,1,
7.31,46,1,0,1,
7.32,46,1,0,1,
7.33,46,1,0,1,
7.34,46,1,0,1,
7.35,46,1,0,1,
7.36,46,1,0,1,
7.37,46,1,0,1,
7.38,46,1,0,1,
7.39,46,1,0,1,
7.4,46,1,0,1,
7.41,46,1,0,1,
7.42,46,1,0,1,
7.43,46,1,0,1,
7.44,46,1,0,1,
7.45,46,1,0,1,
7.46,46,1,1,1,
7.47,47,1,1,1,
7.48,47,1,1,1,
7.49,47,1,1,1,
7.5,47,1,1,1,
7.51,47,1,1,1,
7.52,47,1,1,1,
7.53,47,1,1,1,
7.54,47,1,1,1,
7.55,47,1,1,1,
7.56,47,1,1,1,
7.57,47,1,1,1,
7.58,47,1,1,1,
7.59,47,1,1,1,
7.6,47,1,1,1,
7.61,47,1,1,1,
7.62,47,1,1,1,
7.63,47,1,1,1,
7.64,47,1,1,1,
7.65,47,1,1,1,
7.66,47,1,1,1,
7.67,47,1,1,1,
7.68,47,1,1,1,
7.69,47,1,1,1,
7.7,47,1,1,1,
7.71,47,1,1,1,
7.72,47,1,1,1,
7.73,47,1,1,1,
7.74,47,1,1,1,
7.75,47,1,1,1,
7.76,47,1,1,1,
7.77,47,1,1,1,
7.78,47,1,1,1,
7.79,47,1,1,1,
7.8,47,1,1,1,
7.81,47,1,1,1,
7.82,47,1,1,1,
7.83,47,1,1,1,
7.84,47,1,1,1,
7.85,47,1,1,1,
7.86,47,1,1,1,
7.87,47,1,1,1,
7.88,47,1,1,1,
7.89,47,1,1,1,
7.9,47,1,1,1,
7.91,48,1,0,1,
7.92,48,1,0,1,
7.93,48,1,0,1,
7.94,48,1,0,1,
7.95,48,1,0,1,
7.96,48,1,0,1,
7.97,48,1,0,1,
7.98,48,1,0,1,
7.99,48,1,0,1,
8,48,1,0,1,
8.01,48,1,0,1,
8.02,48,1,0,1,
8.03,48,1,0,1,
8.04,48,1,0,1,
8.05,48,1,0,1,
8.06,48,1,0,1,
8.07,48,1,0,1,
8.08,48,1,0,1,
8.09,48,1,0,1,
8.1,48,1,0,1,
8.11,48,1,0,1,
8.12,48,1,0,1,
8.13,48,1,0,1,
8.14,48,1,0,1,
8.15,48,1,0,1,
8.16,48,1,0,1,
8.17,48,1,0,1,
8.18,48,1,0,1,
8.19,48,1,0,1,
8.2,48,1,0,1,
8.21,48,1,0,1,
8.22,48,1,0,1,
8.23,48,1,0,1,
8.24,48,1,0,1,
8.25,48,1,0,1,
8.26,48,1,0,1,
8.27,48,1,0,1,
8.28,48,1,0,1,
8.29,48,1,0,1,
8.3,48,1,0,1,
8.31,48,1,0,1,
8.32,48,1,0,1,
8.33,48,1,0,1,
8.34,48,1,0,1,
8.35,48,1,0,1,
8.36,49,1,1,1,
8.37,49,1,1,1,
8.38,49,1,1,1,
8.39,49,1,1,1,
8.4,49,1,1,1,
8.41,49,1,1,1,
8.42,49,1,1,1,
8.43,49,1,1,1,
8.44,49,1,1,1,
8.45,49,1,1,1,
8.46,49,1,1,1,
8.47,49,1,1,1,
8.48,49,1,1,1,
8.49,49,1,1,1,
8.5,49,1,1,1,
8.51,49,1,1,1,
8.52,49,1,1,1,
8.53,49,1,1,1,
8.54,49,1,1,1,
8.55,49,1,1,1,
8.56,49,1,1,1,
8.57,49,1,1,1,
8.58,49,1,1,1,
8.59,49,1,1,1,
8.6,49,1,1,1,
8.61,49,1,1,1,
8.62,49,1,1,1,
8.63,49,1,1,1,
8.64,49,1,1,1,
8.65,49,1,1,1,
8.66002,49,1,1,1,
8.67,49,1,1,1,
8.68,49,1,1,1,
8.69,49,1,1,1,
8.7,49,1,1,1,
8.71,49,1,1,1,
8.72,49,1,1,1,
8.73,49,1,1,1,
8.74,49,1,1,1,
8.75,49,1,1,1,
8.76,49,1,1,1,
8.77,49,1,1,1,
8.78,49,1,1,1,
8.79,49,1,1,1,
8.8,50,1,0,1,
8.81,50,1,0,1,
8.82,50,1,0,1,
8.83,50,1,0,1,
8.84,50,1,0,1,
8.85,50,1,0,1,
8.86,50,1,0,1,
8.87,50,1,0,1,
8.88,50,1,0,1,
8.89,50,1,0,1,
8.9,50,1,0,1,
8.91,50,1,0,1,
8.92,50,1,0,1,
8.93,50,1,0,1,
8.94,50,1,0,1,
8.95,50,1,0,1,
8.96,50,1,0,1,
8.97,50,1,0,1,
8.98,50,1,0,1,
8.99,50,1,0,1,
9,50,1,0,1,
9.01,50,1,0,1,
9.02,50,1,0,1,
9.03,50,1,0,1,
9.04,50,1,0,1,
9.05,50,1,0,1,
9.06,50,1,0,1,
9.07,50,1,0,1,
9.08,50,1,0,1,
9.09,50,1,0,1,
9.1,50,1,0,1,
9.11,50,1,0,1,
9.12,50,1,0,1,
9.13,50,1,0,1,
9.14,50,1,0,1,
9.15,50,1,0,1,
9.16,50,1,0,1,
9.17,50,1,0,1,
9.18,50,1,0,1,
9.19,50,1,0,1,
9.2,50,1,0,1,
9.21,51,1,1,1,
9.22,51,1,1,1,
9.23,51,1,1,1,
9.24,51,1,1,1,
9.25,51,1,1,1,
9.26,51,1,1,1,
9.27,51,1,1,1,
9.28,51,1,1,1,
9.29,51,1,1,1,
9.3,51,1,1,1,
9.31,51,1,1,1,
9.32,51,1,1,1,
9.33,51,1,1,1,
9.34,51,1,1,1,
9.35,51,1,1,1,
9.36,51,1,1,1,
9.37,51,1,1,1,
9.38,51,1,1,1,
9.39,51,1,1,1,
9.4,51,1,1,1,
9.41,51,1,1,1,
9.42,51,1,1,1,
9.43,51,1,1,1,
9.44,51,1,1,1,
9.45,51,1,1,1,
9.46,51,1,1,1,
9.47,51,1,1,1,
9.48,51,1,1,1,
9.49,51,1,1,1,
9.5,51,1,1,1,
9.51,51,1,1,1,
9.52,51,1,1,1,
9.53,51,1,1,1,
9.54,51,1,1,1,
9.55,51,1,1,1,
9.56,51,1,1,1,
9.57004,51,1,1,1,
9.58,51,1,1,1,
9.59,51,1,1,1,
9.6,51,1,1,1,
9.61003,51,1,1,1,
9.62,51,1,1,1,
9.63,51,1,1,1,
9.64,51,1,1,1,
9.65,51,1,1,1,
9.66,51,1,1,1,
9.67,51,1,1,1,
9.68,51,1,1,1,
9.69,51,1,1,1,
9.7,51,1,1,1,
9.71,51,1,1,1,
9.72,51,1,1,1,
9.73,51,1,1,1,
9.74,51,1,1,1,
9.75,51,1,1,1,
9.76,51,1,1,1,
9.77,51,1,1,1,
9.78,51,1,1,1,
9.79,51,1,1,1,
9.8,51,1,1,1,
9.81,51,1,1,1,
9.82,51,1,1,1,
9.83,51,1,1,1,
9.84,51,1,1,1,
9.85,51,1,1,1,
9.86,51,1,1,1,
9.87,51,1,1,1,
9.88,51,1,1,1,
9.89,51,1,1,1,
9.9,51,1,1,1,
9.91,51,1,1,1,
9.92,51,1,1,1,
9.93,51,1,1,1,
9.94,51,1,1,1,
9.95,51,1,1,1,
9.96,51,1,1,1,
9.97,51,1,1,1,
9.98,51,1,1,1,
9.99,51,1,1,1,
10,51,1,1,1,
10.01,51,1,1,1,
10.02,51,1,1,1,
10.03,51,1,1,1,
10.04,51,1,1,1,
10.05,51,1,1,1,
10.06,51,1,1,1,
10.07,51,1,1,1,
10.08,51,1,1,1,
10.09,51,1,1,1,
10.1,51,1,1,1,
10.11,51,1,1,1,
10.12,51,1,1,1,
10.13,51,1,1,1,
10.14,51,1,1,1,
10.15,51,1,1,1,
10.16,51,1,1,1,
10.17,51,1,1,1,
10.18,51,1,1,1,
10.19,51,1,1,1,
10.2,51,1,1,1,
10.21,51,1,1,1,
10.22,51,1,1,1,
10.23,51,1,1,1,
10.24,51,1,1,1,
10.25,51,1,1,1,
10.26,51,1,1,1,
10.27,51,1,1,1,
10.28,51,1,1,1,
10.29,51,1,1,1,
10.3,51,1,1,1,
10.31,51,1,1,1,
10.32,51,1,1,1,
10.33,51,1,1,1,
10.34,51,1,1,1,
10.35,51,1,1,1,
10.36,51,1,1,1,
10.37,51,1,1,1,
10.38,51,1,1,1,
10.39,51,1,1,1,
10.4,51,1,1,1,
10.41,51,1,1,1,
10.42,51,1,1,1,
10.43,51,1,1,1,
10.44,51,1,1,1,
10.45,51,1,1,1,
10.46,51,1,1,1,
10.47,51,1,1,1,
10.48,51,1,1,1,
10.49,51,1,1,1,
10.5,51,1,1,1,
10.51,51,1,1,1,
10.52,51,1,1,1,
10.53,51,1,1,1,
10.54,51,1,1,1,
10.55,51,1,1,1,
10.56,51,1,1,1,
10.57,51,1,1,1,
10.58,51,1,1,1,
10.59,51,1,1,1,
10.6,51,1,1,1,
10.61,51,1,1,1,
10.62,51,1,1,1,
10.63,51,1,1,1,
10.64,51,1,1,1,
10.65,51,1,1,1,
10.66,51,1,1,1,
10.67,51,1,1,1,
10.68,51,1,1,1,
10.69,51,1,1,1,
10.7,51,1,1,1,
10.71,51,1,1,1,
10.72,51,1,1,1,
10.73,51,1,1,1,
10.74,51,1,1,1,
10.75,51,1,1,1,
10.76,51,1,1,1,
10.77,51,1,1,1,
10.78,51,1,1,1,
10.79,51,1,1,1,
10.8,51,1,1,1,
10.81,51,2,1,0,
10.82,51,2,1,0,
10.83,51,2,1,0,
10.84,51,2,1,0,
10.85,51,2,1,0,
10.86,51,2,1,0,
10.87,51,2,1,0,
10.88,51,2,1,0,
10.89,51,2,1,0,
10.9,51,2,1,0,
10.91,51,2,1,0,
10.92,51,2,1,0,
10.93,51,2,1,0,
10.94,51,2,1,0,
10.95,51,2,1,0,
10.96,51,2,1,0,
10.97,51,2,1,0,
10.98,51,2,1,0,
10.99,51,2,1,0,
11,51,2,1,0,
11.01,51,2,1,0,
11.02,51,2,1,0,
11.03,51,2,1,0,
11.04,51,2,1,0,
11.05,51,2,1,0,
11.06,51,2,1,0,
11.07,51,2,1,0,
11.08,51,2,1,0,
11.09,51,2,1,0,
11.1,51,2,1,0,
11.11,51,2,1,0,
11.12,51,2,1,0,
11.13,51,2,1,0,
11.14,51,2,1,0,
11.15,51,2,1,0,
11.16,51,2,1,0,
11.17,51,2,1,0,
11.18,51,2,1,0,
11.19,51,2,1,1,
11.2,51,3,1,1,
11.21,51,3,1,1,
11.22,51,3,1,1,
11.23,51,3,1,1,
11.24,51,3,1,1,
11.25,51,3,1,1,
11.26,51,3,1,1,
11.27,51,3,1,1,
11.28,51,3,1,1,
11.29,51,3,1,1,
11.3,51,3,1,1,
11.31,51,3,1,1,
11.32,51,3,1,1,
11.33,51,3,1,1,
11.34,51,3,1,1,
11.35,51,3,1,1,
11.36,51,3,1,1,
11.37,51,3,1,1,
11.38,51,3,1,1,
11.39,51,3,1,1,
11.4,51,3,1,1,
11.41,51,3,1,1,
11.42,51,3,1,1,
11.43,51,3,1,1,
11.44,51,3,1,1,
11.45,51,3,1,1,
11.46,51,3,1,1,
11.47,51,3,1,1,
11.48,51,3,1,1,
11.49,51,3,1,1,
11.5,51,3,1,1,
11.51,51,3,1,1,
11.52,51,3,1,1,
11.53,51,3,1,1,
11.54,51,3,1,1,
11.55,51,3,1,1,
11.56,51,3,1,1,
11.57,51,4,1,0,
11.58,51,4,1,0,
11.59,51,4,1,0,
11.6,51,4,1,0,
11.61,51,4,1,0,
11.62,51,4,1,0,
11.63,51,4,1,0,
11.64,51,4,1,0,
11.65,51,4,1,0,
11.66,51,4,1,0,
11.67,51,4,1,0,
11.68,51,4,1,0,
11.69,51,4,1,0,
11.7,51,4,1,0,
11.71,51,4,1,0,
11.72,51,4,1,0,
11.73,51,4,1,0,
11.74,51,4,1,0,
11.75,51,4,1,0,
11.76,51,4,1,0,
11.77,51,4,1,0,
11.78,51,4,1,0,
11.79,51,4,1,0,
11.8,51,4,1,0,
11.81,51,4,1,0,
11.82,51,4,1,0,
11.83,51,4,1,0,
11.84,51,4,1,0,
11.85,51,4,1,0,
11.86,51,4,1,0,
11.87,51,4,1,0,
11.88,51,4,1,0,
11.89,51,4,1,0,
11.9,51,4,1,0,
11.91,51,5,1,1,
11.92,51,5,1,1,
11.93,51,5,1,1,
11.94,51,5,1,1,
11.95,51,5,1,1,
11.96,51,5,1,1,
11.97,51,5,1,1,
11.98,51,5,1,1,
11.99,51,5,1,1,
12,51,5,1,1,
12.01,51,5,1,1,
12.02,51,5,1,1,
12.03,51,5,1,1,
12.04,51,5,1,1,
12.05,51,5,1,1,
12.06,51,5,1,1,
12.07,51,5,1,1,
12.08,51,5,1,1,
12.09,51,5,1,1,
12.1,51,0,1,1,
12.11,51,0,1,1,
12.12,51,0,1,1,
12.13,51,0,1,1,
12.14,51,0,1,1,
12.15,51,0,1,1,
12.16,51,0,1,1,
12.17,51,0,1,1,
12.18,51,0,1,1,
12.19,51,0,1,1,
12.2,51,0,1,1,
12.21,51,0,1,1,
12.22,51,0,1,1,
12.23,51,0,1,1,
12.24,51,0,1,1,
12.25,51,0,1,1,
12.26,51,0,1,1,
12.27,51,1,1,0,
12.28,51,1,1,0,
12.29,51,1,1,0,
12.3,51,1,1,0,
12.31,51,1,1,0,
12.32,51,1,1,0,
12.33,51,1,1,0,
12.34,51,1,1,0,
12.35,51,1,1,0,
12.36,51,1,1,0,
12.37,51,1,1,0,
12.38,51,1,1,0,
12.39,51,1,1,0,
12.4,51,1,1,0,
12.4101,51,1,1,0,
12.42,51,1,1,0,
12.43,51,1,1,0,
12.44,51,1,1,0,
12.45,51,1,1,0,
12.46,51,1,1,0,
12.47,51,1,1,0,
12.48,51,1,1,0,
12.49,51,1,1,0,
12.5,51,1,1,0,
12.51,51,1,1,0,
12.52,51,1,1,0,
12.53,51,1,1,0,
12.54,51,1,1,0,
12.55,51,1,1,0,
12.56,51,1,1,0,
12.57,51,1,1,0,
12.58,51,1,1,0,
12.59,51,1,1,0,
12.6,51,1,1,0,
12.61,51,1,1,0,
12.62,51,2,1,1,
12.63,51,2,1,1,
12.64,51,2,1,1,
12.65,51,2,1,1,
12.66,51,2,1,1,
12.67,51,2,1,1,
12.68,51,2,1,1,
12.69,51,2,1,1,
12.7,51,2,1,1,
12.71,51,2,1,1,
12.72,51,2,1,1,
12.73,51,2,1,1,
12.74,51,2,1,1,
12.75,51,2,1,1,
12.76,51,2,1,1,
12.77,51,2,1,1,
12.78,51,2,1,1,
12.79,51,2,1,1,
12.8,51,2,1,1,
12.81,51,2,1,1,
12.82,51,2,1,1,
12.83,51,2,1,1,
12.84,51,2,1,1,
12.85,51,2,1,1,
12.86,51,2,1,1,
12.87,51,2,1,1,
12.88,51,2,1,1,
12.89,51,2,1,1,
12.9,51,2,1,1,
12.91,51,2,1,1,
12.92,51,2,1,1,
12.93,51,2,1,1,
12.94,51,3,1,0,
12.95,51,3,1,0,
12.96,51,3,1,0,
12.97,51,3,1,0,
12.98,51,3,1,0,
12.99,51,3,1,0,
13,51,3,1,0,
13.01,51,3,1,0,
13.02,51,3,1,0,
13.03,51,3,1,0,
13.04,51,3,1,0,
13.05,51,3,1,0,
13.06,51,3,1,0,
13.07,51,3,1,0,
13.08,51,3,1,0,
13.09,51,3,1,0,
13.1,51,3,1,0,
13.11,51,3,1,0,
13.12,51,3,1,0,
13.13,51,3,1,0,
13.14,51,3,1,0,
13.15,51,3,1,0,
13.16,51,3,1,0,
13.17,51,3,1,0,
13.18,51,3,1,0,
13.19,51,3,1,0,
13.2,51,3,1,0,
13.21,51,3,1,0,
13.22,51,3,1,0,
13.23,51,3,1,0,
13.24,51,3,1,0,
13.25,51,3,1,0,
13.26,51,3,1,0,
13.27,51,3,1,0,
13.28,51,4,1,1,
13.29,51,4,1,1,
13.3,51,4,1,1,
13.31,51,4,1,1,
13.32,51,4,1,1,
13.33,51,4,1,1,
13.34,51,4,1,1,
13.35,51,4,1,1,
13.36,51,4,1,1,
13.37,51,4,1,1,
13.38,51,4,1,1,
13.39,51,4,1,1,
13.4,51,4,1,1,
13.41,51,4,1,1,
13.42,51,4,1,1,
13.43,51,4,1,1,
13.44,51,4,1,1,
13.45,51,4,1,1,
13.46,51,4,1,1,
13.47,51,4,1,1,
13.48,51,4,1,1,
13.49,51,4,1,1,
13.5,51,4,1,1,
13.51,51,4,1,1,
13.52,51,4,1,1,
13.53,51,4,1,1,
13.54,51,4,1,1,
13.55,51,4,1,1,
13.56,51,4,1,1,
13.57,51,4,1,1,
13.58,51,4,1,1,
13.59,51,5,1,0,
13.6,51,5,1,0,
13.61,51,5,1,0,
13.62,51,5,1,0,
13.63,51,5,1,0,
13.64,51,5,1,0,
13.65,51,5,1,0,
13.66,51,5,1,0,
13.67,51,5,1,0,
13.68,51,5,1,0,
13.69,51,5,1,0,
13.7,51,5,1,0,
13.71,51,5,1,0,
13.72,51,5,1,0,
13.73,51,5,1,0,
13.74,51,5,1,0,
13.75,51,5,1,0,
13.76,51,5,1,0,
13.77,51,5,1,0,
13.78,51,0,1,0,
13.79,51,0,1,0,
13.8,51,0,1,0,
13.81,51,0,1,0,
13.82,51,0,1,0,
13.83,51,0,1,0,
13.84,51,0,1,0,
13.85,51,0,1,0,
13.86,51,0,1,0,
13.87,51,0,1,0,
13.88,51,0,1,0,
13.89,51,0,1,0,
13.9,51,1,1,1,
13.91,51,1,1,1,
13.92,51,1,1,1,
13.93,51,1,1,1,
13.94,51,1,1,1,
13.95,51,1,1,1,
13.96,51,1,1,1,
13.97,51,1,1,1,
13.98,51,1,1,1,
13.99,51,1,1,1,
14,51,1,1,1,
14.01,51,1,1,1,
14.02,51,1,1,1,
14.03,51,1,1,1,
14.04,51,1,1,1,
14.05,51,1,1,1,
14.06,51,1,1,1,
14.07,51,1,1,1,
14.08,51,1,1,1,
14.09,51,1,1,1,
14.1,51,1,1,1,
14.11,51,1,1,1,
14.12,51,1,1,1,
14.13,51,1,1,1,
14.14,51,1,1,1,
14.15,51,1,1,1,
14.16,51,1,1,1,
14.17,51,1,1,1,
14.18,51,1,1,1,
14.19,51,1,1,1,
14.2,51,1,1,1,
14.21,51,1,1,1,
14.22,51,1,1,0,
14.23,51,2,1,0,
14.24,51,2,1,0,
14.25,51,2,1,0,
14.26,51,2,1,0,
14.27,51,2,1,0,
14.28,51,2,1,0,
14.29,51,2,1,0,
14.3,51,2,1,0,
14.31,51,2,1,0,
14.32,51,2,1,0,
14.33,51,2,1,0,
14.34,51,2,1,0,
14.35,51,2,1,0,
14.36,51,2,1,0,
14.37,51,2,1,0,
14.38,51,2,1,0,
14.39,51,2,1,0,
14.4,51,2,1,0,
14.41,51,2,1,0,
14.42,51,2,1,0,
14.43,51,2,1,0,
14.44,51,2,1,0,
14.45,51,2,1,0,
14.46,51,2,1,0,
14.47,51,2,1,0,
14.48,51,2,1,0,
14.49,51,2,1,0,
14.5,51,2,1,0,
14.51,51,2,1,0,
14.52,51,2,1,0,
14.53,51,2,1,0,
14.54,51,2,1,0,
14.55,51,2,1,0,
14.56,51,2,1,0,
14.57,51,2,1,0,
14.58,51,2,1,0,
14.59,51,3,1,1,
14.6,51,3,1,1,
14.61,51,3,1,1,
14.62,51,3,1,1,
14.63,51,3,1,1,
14.64,51,3,1,1,
14.65,51,3,1,1,
14.66,51,3,1,1,
14.67,51,3,1,1,
14.68,51,3,1,1,
14.69,51,3,1,1,
14.7,51,3,1,1,
14.71,51,3,1,1,
14.72,51,3,1,1,
14.73,51,3,1,1,
14.74,51,3,1,1,
14.75,51,3,1,1,
14.76,51,3,1,1,
14.77,51,3,1,1,
14.78,51,3,1,1,
14.79,51,3,1,1,
14.8,51,3,1,1,
14.81,51,3,1,1,
14.82,51,3,1,1,
14.83,51,3,1,1,
14.84,51,3,1,1,
14.85,51,3,1,1,
14.86,51,3,1,1,
14.87,51,3,1,1,
14.88,51,3,1,1,
14.89,51,3,1,1,
14.9,51,3,1,1,
14.91,51,3,1,1,
14.92,51,3,1,1,
14.93,51,3,1,1,
14.94,51,3,1,1,
14.95,51,3,1,1,
14.96,51,4,1,0,
14.97,51,4,1,0,
14.98,51,4,1,0,
14.99,51,4,1,0,
15,51,4,1,0,
15.01,51,4,1,0,
15.02,51,4,1,0,
15.03,51,4,1,0,
15.04,51,4,1,0,
15.05,51,4,1,0,
15.06,51,4,1,0,
15.07,51,4,1,0,
15.08,51,4,1,0,
15.09,51,4,1,0,
15.1,51,4,1,0,
15.11,51,4,1,0,
15.12,51,4,1,0,
15.13,51,4,1,0,
15.14,51,4,1,0,
15.15,51,4,1,0,
15.16,51,4,1,0,
15.17,51,4,1,0,
15.18,51,4,1,0,
15.19,51,4,1,0,
15.2,51,4,1,0,
15.21,51,4,1,0,
15.22,51,4,1,0,
15.23,51,4,1,0,
15.24,51,4,1,0,
15.25,51,4,1,0,
15.26,51,4,1,0,
15.27,51,4,1,0,
15.28,51,4,1,0,
15.29,51,4,1,0,
15.3,51,4,1,0,
15.31,51,4,1,0,
15.32,51,5,1,1,
15.33,51,5,1,1,
15.34,51,5,1,1,
15.35,51,5,1,1,
15.36,51,5,1,1,
15.37,51,5,1,1,
15.38,51,5,1,1,
15.39,51,5,1,1,
15.4,51,5,1,1,
15.41,51,5,1,1,
15.42,51,5,1,1,
15.43,51,5,1,1,
15.44,51,5,1,1,
15.45,51,5,1,1,
15.46,51,5,1,1,
15.47,51,5,1,1,
15.48,51,5,1,1,
15.49,51,5,1,1,
15.5,51,5,1,1,
15.51,51,0,1,1,
15.52,51,0,1,1,
15.53,51,0,1,1,
15.54,51,0,1,1,
15.55,51,0,1,1,
15.56,51,0,1,1,
15.57,51,0,1,1,
15.58,51,0,1,1,
15.59,51,0,1,1,
15.6,51,0,1,1,
15.61,51,0,1,1,
15.62,51,0,1,1,
15.63,51,0,1,1,
15.64,51,0,1,1,
15.65,51,0,1,1,
15.66,51,0,1,1,
15.67,51,0,1,1,
15.68,51,0,1,1,
15.69,51,1,1,0,
15.7,51,1,1,0,
15.71,51,1,1,0,
15.72,51,1,1,0,
15.73,51,1,1,0,
15.74,51,1,1,0,
15.75,51,1,1,0,
15.76,51,1,1,0,
15.77,51,1,1,0,
15.78,51,1,1,0,
15.79,51,1,1,0,
15.8,51,1,1,0,
15.81,51,1,1,0,
15.82,51,1,1,0,
15.83,51,1,1,0,
15.84,51,1,1,0,
15.85,51,1,1,0,
15.86,51,1,1,0,
15.87,51,1,1,0,
15.88,51,1,1,0,
15.89,51,1,1,0,
15.9,51,1,1,0,
15.91,51,1,1,0,
15.92,51,1,1,0,
15.93,51,1,1,0,
15.94,51,1,1,0,
15.95,51,1,1,0,
15.96,51,1,1,0,
15.97,51,1,1,0,
15.98,51,1,1,0,
15.99,51,1,1,0,
16,51,1,1,0,
16.01,51,1,1,0,
16.02,51,1,1,0,
16.03,51,1,1,0,
16.04,51,1,1,0,
16.05,51,2,1,1,
16.06,51,2,1,1,
16.07,51,2,1,1,
16.08,51,2,1,1,
16.09,51,2,1,1,
16.1,51,2,1,1,
16.11,51,2,1,1,
16.12,51,2,1,1,
16.13,51,2,1,1,
16.14,51,2,1,1,
16.15,51,2,1,1,
16.16,51,2,1,1,
16.17,51,2,1,1,
16.18,51,2,1,1,
16.19,51,2,1,1,
16.2,51,2,1,1,
16.21,51,2,1,1,
16.22,51,2,1,1,
16.23,51,2,1,1,
16.24,51,2,1,1,
16.25,51,2,1,1,
16.26,51,2,1,1,
16.27,51,2,1,1,
16.28,51,2,1,1,
16.29,51,2,1,1,
16.3,51,2,1,1,
16.31,51,2,1,1,
16.32,51,2,1,1,
16.33,51,2,1,1,
16.34,51,2,1,1,
16.35,51,2,1,1,
16.36,51,2,1,1,
16.37,51,2,1,1,
16.38,51,3,1,0,
16.39,51,3,1,0,
16.4,51,3,1,0,
16.41,51,3,1,0,
16.42,51,3,1,0,
16.43,51,3,1,0,
16.44,51,3,1,0,
16.45,51,3,1,0,
16.46,51,3,1,0,
16.47,51,3,1,0,
16.48,51,3,1,0,
16.49,51,3,1,0,
16.5,51,3,1,0,
16.51,51,3,1,0,
16.52,51,3,1,0,
16.53,51,3,1,0,
16.54,51,3,1,0,
16.55,51,3,1,0,
16.56,51,3,1,0,
16.57,51,3,1,0,
16.58,51,3,1,0,
16.59,51,3,1,0,
16.6,51,3,1,0,
16.61,51,3,1,0,
16.62,51,3,1,0,
16.63,51,3,1,0,
16.64,51,3,1,0,
16.65,51,3,1,0,
16.66,51,3,1,0,
16.67,51,3,1,0,
16.68,51,3,1,0,
16.69,51,3,1,0,
16.7,51,3,1,0,
16.71,51,3,1,0,
16.72,51,3,1,0,
16.73,51,3,1,0,
16.74,51,3,1,0,
16.75,51,3,1,0,
16.76,51,3,1,0,
16.77,51,3,1,0,
16.78,51,3,1,0,
16.79,51,3,1,0,
16.8,51,4,1,1,
16.81,51,4,1,1,
16.82,51,4,1,1,
16.83,51,4,1,1,
16.84,51,4,1,1,
16.85,51,4,1,1,
16.86,51,4,1,1,
16.87,51,4,1,1,
16.88,51,4,1,1,
16.89,51,4,1,1,
16.9,51,4,1,1,
16.91,51,4,1,1,
16.92,51,4,1,1,
16.93,51,4,1,1,
16.94,51,4,1,1,
16.95,51,4,1,1,
16.96,51,4,1,1,
16.97,51,4,1,1,
16.98,51,4,1,1,
16.99,51,4,1,1,
17,51,4,1,1,
17.01,51,4,1,1,
17.02,51,4,1,1,
17.03,51,4,1,1,
17.04,51,4,1,1,
17.05,51,4,1,1,
17.06,51,4,1,1,
17.07,51,4,1,1,
17.08,51,4,1,1,
17.09,51,4,1,1,
17.1,51,4,1,1,
17.11,51,4,1,1,
17.12,51,4,1,1,
17.13,51,4,1,1,
17.14,51,4,1,1,
17.15,51,4,1,1,
17.16,51,4,1,1,
17.17,51,4,1,1,
17.18,51,4,1,1,
17.19,51,4,1,1,
17.2,51,4,1,1,
17.21,51,4,1,1,
17.22,51,4,1,1,
17.23,51,4,1,1,
17.24,51,4,1,1,
17.25,51,4,1,1,
17.26,51,4,1,1,
17.27,51,4,1,1,
17.28,51,4,1,1,
17.29,51,4,1,1,
17.3,51,4,1,1,
17.31,51,4,1,1,
17.32,51,4,1,1,
17.33,51,4,1,1,
17.34,51,4,1,1,
17.35,51,4,1,1,
17.36,51,4,1,1,
17.37,51,4,1,1,
17.38,51,4,1,1,
17.39,51,4,1,1,
17.4,51,4,1,1,
17.41,51,4,1,1,
17.42,51,4,1,1,
17.43,51,4,1,1,
17.44,51,4,1,1,
17.45,51,4,1,1,
17.46,51,4,1,1,
17.47,51,4,1,1,
17.48,51,4,1,1,
17.49,51,4,1,1,
17.5,51,4,1,1,
17.51,51,4,1,1,
17.52,51,4,1,1,
17.53,51,4,1,1,
17.54,51,4,1,1,
17.55,51,4,1,1,
17.56,51,4,1,1,
17.57,51,4,1,1,
17.58,51,4,1,1,
17.59,51,4,1,1,
17.6,51,4,1,1,
17.61,51,4,1,1,
17.62,51,4,1,1,
17.63,51,4,1,1,
17.64,51,4,1,1,
17.65,51,4,1,1,
17.66,51,4,1,1,
17.67,51,4,1,1,
17.68,51,4,1,1,
17.69,51,4,1,1,
17.7,51,4,1,1,
17.71,51,4,1,1,
17.72,51,4,1,1,
17.73,51,4,1,1,
17.74,51,4,1,1,
17.75,51,4,1,1,
17.76,51,4,1,1,
17.77,51,4,1,1,
17.78,51,4,1,1,
17.79,51,4,1,1,
17.8,51,4,1,1,
17.81,51,4,1,1,
17.82,51,4,1,1,
17.83,51,4,1,1,
17.84,51,4,1,1,
17.85,51,4,1,1,
17.86,51,4,1,1,
17.87,51,4,1,1,
17.88,51,4,1,1,
17.89,51,4,1,1,
17.9,51,4,1,1,
17.91,51,4,1,1,
17.92,51,4,1,1,
17.93,51,4,1,1,
17.94,51,4,1,1,
17.95,51,4,1,1,
17.96,51,4,1,1,
17.97,51,4,1,1,
17.98,51,4,1,1,
17.99,51,4,1,1,
18,51,4,1,1,
18.01,51,4,1,1,
18.02,51,4,1,1,
18.03,51,4,1,1,
18.04,51,4,1,1,
18.05,51,4,1,1,
18.06,51,4,1,1,
18.07,51,4,1,1,
18.08,51,4,1,1,
18.09,51,4,1,1,
18.1,51,4,1,1,
18.11,51,4,1,1,
18.12,51,4,1,1,
18.13,51,4,1,1,
18.14,51,4,1,1,
18.15,51,4,1,1,
18.16,51,4,1,1,
18.17,51,4,1,1,
18.18,51,4,1,1,
18.19,51,4,1,1,
18.2,51,4,1,1,
18.21,51,4,1,1,
18.22,51,4,1,1,
18.23,51,4,1,1,
18.24,51,4,1,1,
18.25,51,4,1,1,
18.26,51,4,1,1,
18.27,51,4,1,1,
18.28,51,4,1,1,
18.29,51,4,1,1,
18.3,51,4,1,1,
18.31,51,4,1,1,
18.32,51,4,1,1,
18.33,51,4,1,1,
18.34,51,4,1,1,
18.35,51,4,1,1,
18.36,51,4,1,1,
18.37,51,4,1,1,
18.38,51,4,1,1,
18.39,51,4,1,1,
18.4,51,4,1,1,
18.41,51,4,1,1,
18.42,51,4,1,1,
18.43,51,4,1,1,
18.44,51,4,1,1,
18.45,51,4,1,1,
18.46,51,4,1,1,
18.47,51,4,1,1,
18.48,51,4,1,1,
18.49,51,4,1,1,
18.5,51,4,1,1,
18.51,51,4,1,1,
18.52,51,4,1,1,
18.53,51,4,1,1,
18.54,51,4,1,1,
18.55,51,4,1,1,
18.56,51,4,1,1,
18.57,51,4,1,1,
18.58,51,4,1,1,
18.59,51,4,1,1,
18.6,51,4,1,1,
18.61,51,4,1,1,
18.62,51,4,1,1,
18.63,51,4,1,1,
18.64,51,4,1,1,
18.65,51,4,1,1,
18.66,51,4,1,1,
18.67,51,4,1,1,
18.68,51,4,1,1,
18.69,51,4,1,1,
18.7,51,4,1,1,
18.71,51,4,1,1,
18.72,51,4,1,1,
18.73,51,4,1,1,
18.74,51,4,1,1,
18.75,51,4,1,1,
18.76,51,4,1,1,
18.77,51,4,1,1,
18.78,51,4,1,1,
18.79,51,4,1,1,
18.8,51,4,1,1,
18.81,51,4,1,1,
18.82,51,4,1,1,
18.83,51,4,1,1,
18.84,51,4,1,1,
18.85,51,4,1,1,
18.86,51,4,1,1,
18.87,51,4,1,1,
18.88,51,4,1,1,
18.89,51,4,1,1,
18.9,51,4,1,1,
18.91,51,4,1,1,
18.92,51,4,1,1,
18.93,51,4,1,1,
18.94,51,4,1,1,
18.95,51,4,1,1,
18.96,51,4,1,1,
18.97,51,4,1,1,
18.98,51,4,1,1,
18.99,51,4,1,1,
19,51,4,1,1,
19.01,51,4,1,1,
19.02,51,4,1,1,
19.03,51,4,1,1,
19.04,51,4,1,1,
19.05,51,4,1,1,
19.06,51,4,1,1,
19.07,51,4,1,1,
19.08,51,4,1,1,
19.09,51,4,1,1,
19.1,51,4,1,1,
19.11,51,4,1,1,
19.12,51,4,1,1,
19.13,51,4,1,1,
19.14,51,4,1,1,
19.15,51,4,1,1,
19.16,51,4,1,1,
19.17,51,4,1,1,
19.18,51,4,1,1,
19.19,51,4,1,1,
19.2,51,4,1,1,
19.21,51,4,1,1,
19.22,51,4,1,1,
19.23,51,4,1,1,
19.24,51,4,1,1,
19.25,51,4,1,1,
19.26,51,4,1,1,
19.27,51,4,1,1,
19.28,51,4,1,1,
19.29,51,4,1,1,
19.3,51,4,1,1,
19.31,51,4,1,1,
19.32,51,4,1,1,
19.33,51,4,1,1,
19.34,51,4,1,1,
19.35,51,4,1,1,
19.36,51,4,1,1,
19.37,51,4,1,1,
19.38,51,4,1,1,
19.39,51,4,1,1,
19.4,51,4,1,1,
19.41,51,4,1,1,
19.42,51,4,1,1,
19.43,51,4,1,1,
19.44,51,4,1,1,
19.45,51,4,1,1,
19.46,51,4,1,1,
19.47,51,4,1,1,
19.48,51,4,1,1,
19.49,51,4,1,1,
19.5,51,4,1,1,
19.51,51,4,1,0,
19.52,51,5,1,0,
19.53,51,5,1,0,
19.54,51,5,1,0,
19.55,51,5,1,0,
19.56,51,5,1,0,
19.57,51,5,1,0,
19.58,51,5,1,0,
19.59,51,5,1,0,
19.6,51,5,1,0,
19.61,51,5,1,0,
19.62,51,5,1,0,
19.63,51,5,1,0,
19.64,51,5,1,0,
19.65,51,5,1,0,
19.66,51,5,1,0,
19.67,51,5,1,0,
19.68,51,5,1,0,
19.69,51,5,1,0,
19.7,51,0,1,0,
19.71,51,0,1,0,
19.72,51,0,1,0,
19.73,51,0,1,0,
19.74,51,0,1,0,
19.75,51,0,1,0,
19.76,51,0,1,0,
19.77,51,0,1,0,
19.78,51,0,1,0,
19.79,51,0,1,0,
19.8,51,0,1,0,
19.81,51,0,1,0,
19.82,51,0,1,0,
19.83,51,0,1,0,
19.84,51,0,1,0,
19.85,51,0,1,0,
19.86,51,0,1,0,
19.87,51,0,1,0,
19.88,51,0,1,0,
19.89,51,0,1,0,
19.9,51,0,1,0,
19.91,51,0,1,0,
19.92,51,0,1,0,
19.93,51,0,1,0,
19.94,51,0,1,0,
19.95,51,0,1,0,
19.96,51,0,1,0,
19.97,51,0,1,0,
19.98,51,0,1,0,
19.99,51,0,1,0,
20,51,0,1,0,
20.01,51,0,1,0,
20.02,51,0,1,0,
20.03,51,0,1,0,
20.04,51,0,1,0,
20.05,51,0,1,0,
20.06,51,0,1,0,
20.07,51,0,1,0,
20.08,51,0,1,0,
20.09,51,0,1,0,
20.1,51,0,1,0,
20.11,51,0,1,0,
20.12,51,0,1,0,
20.13,51,0,1,0,
20.14,51,0,1,0,
20.15,51,0,1,0,
20.16,51,0,1,0,
20.17,51,0,1,0,
20.18,51,0,1,0,
20.19,51,0,1,0,
20.2,51,0,1,0,
20.21,51,0,1,0,
20.22,52,0,0,0,
20.23,52,0,0,0,
20.24,52,0,0,0,
20.25,52,0,0,0,
20.26,52,0,0,0,
20.27,52,0,0,0,
20.28,52,0,0,0,
20.29,52,0,0,0,
20.3,52,0,0,0,
20.31,52,0,0,0,
20.32,52,0,0,0,
20.33,52,0,0,0,
20.34,52,0,0,0,
20.35,52,0,0,0,
20.36,52,0,0,0,
20.37,52,0,0,0,
20.38,52,0,0,0,
20.39,52,0,0,0,
20.4,52,0,0,0,
20.41,52,0,0,0,
20.42,52,0,0,0,
20.43,52,0,0,0,
20.44,52,0,0,0,
20.45,52,0,0,0,
20.46,52,0,0,0,
20.47,52,0,0,0,
20.48,52,0,0,0,
20.49,52,0,0,0,
20.5,52,0,0,0,
20.51,52,0,0,0,
20.52,52,0,0,0,
20.53,52,0,0,0,
20.54,52,0,0,0,
20.55,52,0,0,0,
20.56,52,0,0,0,
20.57,52,0,0,0,
20.58,52,0,0,0,
20.59,52,0,0,0,
20.6,52,0,0,0,
20.61,52,0,0,0,
20.62,52,0,0,0,
20.63,52,0,0,0,
20.64,52,0,0,0,
20.65,52,0,0,0,
20.66,52,0,0,0,
20.67,52,0,0,0,
20.68,52,0,0,0,
20.69,52,0,0,0,
20.7,52,0,0,0,
20.71,52,0,0,0,
20.72,52,0,0,0,
20.73,52,0,0,0,
20.74,52,0,0,0,
20.75,52,0,0,0,
20.76,53,0,1,0,
20.77,53,0,1,0,
20.78,53,0,1,0,
20.79,53,0,1,0,
20.8,53,0,1,0,
20.81,53,0,1,0,
20.82,53,0,1,0,
20.83,53,0,1,0,
20.84,53,0,1,0,
20.85,53,0,1,0,
20.86,53,0,1,0,
20.87,53,0,1,0,
20.88,53,0,1,0,
20.89,53,0,1,0,
20.9,53,0,1,0,
20.91,53,0,1,0,
20.92,53,0,1,0,
20.93,53,0,1,0,
20.94,53,0,1,0,
20.95,53,0,1,0,
20.96,53,0,1,0,
20.97,53,0,1,0,
20.98,53,0,1,0,
20.99,53,0,1,0,
21,53,0,1,0,
21.01,53,0,1,0,
21.02,53,0,1,0,
21.03,53,0,1,0,
21.04,53,0,1,0,
21.05,53,0,1,0,
21.06,53,0,1,0,
21.07,53,0,1,0,
21.08,53,0,1,0,
21.09,53,0,1,0,
21.1,53,0,1,0,
21.11,53,0,1,0,
21.12,53,0,1,0,
21.13,53,0,1,0,
21.14,53,0,1,0,
21.15,53,0,1,0,
21.16,53,0,1,0,
21.17,53,0,1,0,
21.18,53,0,1,0,
21.19,53,0,1,0,
21.2,53,0,1,0,
21.21,53,0,1,0,
21.22,53,0,1,0,
21.23,53,0,1,0,
21.24,53,0,1,0,
21.25,53,0,1,0,
21.26,53,0,1,0,
21.27,53,0,1,0,
21.28,53,0,1,0,
21.29,53,0,1,0,
21.3,53,0,1,0,
21.31,53,0,1,0,
21.32,53,0,1,0,
21.33,53,0,1,0,
21.34,53,0,1,0,
21.35,53,0,1,0,
21.36,53,0,1,0,
21.37,53,0,1,0,
21.38,53,0,1,0,
21.39,53,0,1,0,
21.4,53,0,1,0,
21.41,53,0,1,0,
21.42,53,0,1,0,
21.43,53,0,1,0,
21.44,53,0,1,0,
21.45,53,0,1,0,
21.46,53,0,1,0,
21.47,53,0,1,0,
21.48,53,0,1,0,
21.49,53,0,1,0,
21.5,53,0,1,0,
21.51,53,0,1,0,
21.52,53,0,1,0,
21.53,53,0,1,0,
21.54,53,0,1,0,
21.55,53,0,1,0,
21.56,53,0,1,0,
21.57,53,0,1,0,
21.58,53,0,1,0,
21.59,53,0,1,0,
21.6,53,0,1,0,
21.61,53,0,1,0,
21.62,53,0,1,0,
21.63,53,0,1,0,
21.64,53,0,1,0,
21.65,53,0,1,0,
21.66,53,0,1,0,
21.67,53,0,1,0,
21.68,53,0,1,0,
21.69,53,0,1,0,
21.7,53,0,1,0,
21.71,53,0,1,0,
21.72,53,0,1,0,
21.73,53,0,1,0,
21.74,53,0,1,0,
21.75,53,0,1,0,
21.76,53,0,1,0,
21.77,53,0,1,0,
21.78,53,0,1,0,
21.79,53,0,1,0,
21.8,53,0,1,0,
21.81,53,0,1,0,
21.82,53,0,1,0,
21.83,53,0,1,0,
21.84,53,0,1,0,
21.85,53,0,1,0,
21.86,53,0,1,0,
21.87,53,0,1,0,
21.88,53,0,1,0,
21.89,53,0,1,0,
21.9,53,0,1,0,
21.91,53,0,1,0,
21.92,53,0,1,0,
21.93,53,0,1,0,
21.94,53,0,1,0,
21.95,53,0,1,0,
21.96,53,0,1,0,
21.97,53,0,1,0,
21.98,53,0,1,0,
21.99,53,0,1,0,
22,53,0,1,0,
22.01,53,0,1,0,
22.02,53,0,1,0,
22.03,53,0,1,0,
22.04,53,0,1,0,
22.05,53,0,1,0,
22.06,53,0,1,0,
22.07,53,0,1,0,
22.08,53,0,1,0,
22.09,53,0,1,0,
22.1,53,0,1,0,
22.11,53,0,1,0,
22.12,53,0,1,0,
22.13,53,0,1,0,
22.14,53,0,1,0,
22.15,53,0,1,0,
22.16,53,0,1,0,
22.17,53,0,1,0,
22.18,53,0,1,0,
22.19,53,0,1,0,
22.2,53,0,1,0,
22.21,53,0,1,0,
22.22,53,0,1,0,
22.23,53,0,1,0,
22.24,53,0,1,0,
22.25,53,0,1,0,
22.26,53,0,1,0,
22.27,53,0,1,0,
22.28,53,0,1,0,
22.29,53,0,1,0,
22.3,53,0,1,0,
22.31,53,0,1,0,
22.32,53,0,1,0,
22.33,53,0,1,0,
22.34,53,0,1,0,
22.35,53,0,1,0,
22.36,53,0,1,0,
22.37,53,0,1,0,
22.38,53,0,1,0,
22.39,53,0,1,0,
22.4,53,0,1,0,
22.41,53,0,1,0,
22.42,53,0,1,0,
22.43,53,0,1,0,
22.44,53,0,1,0,
22.45,53,0,1,0,
22.46,53,0,1,0,
22.47,53,0,1,0,
22.48,53,0,1,0,
22.49,53,0,1,0,
22.5,53,0,1,0,
22.51,53,0,1,0,
22.52,53,0,1,0,
22.53,53,0,1,0,
22.54,53,0,1,0,
22.55,53,0,1,0,
22.56,53,0,1,0,
22.57,53,0,1,0,
22.58,53,0,1,0,
22.59,53,0,1,0,
22.6,53,0,1,0,
22.61,53,0,1,0,
22.62,53,0,1,0,
22.63,53,0,1,0,
22.64,53,0,1,0,
22.65,53,0,1,0,
22.66,53,0,1,0,
22.67,53,0,1,0,
22.68,53,0,1,0,
22.69,53,0,1,0,
22.7,53,0,1,0,
22.71,53,0,1,0,
22.72,53,0,1,0,
22.73,53,0,1,0,
22.74,53,0,1,0,
22.75,53,0,1,0,
22.76,53,0,1,0,
22.77,53,0,1,0,
22.78,53,0,1,0,
22.79,53,0,1,0,
22.8,53,0,1,0,
22.81,53,0,1,0,
22.82,53,0,1,0,
22.83,53,0,1,0,
22.84,53,0,1,0,
22.85,53,0,1,0,
22.86,53,0,1,0,
22.87,53,0,1,0,
22.88,53,0,1,0,
22.89,53,0,1,0,
22.9,53,0,1,0,
22.91,53,0,1,0,
22.92,53,0,1,0,
22.93,53,0,1,0,
22.94,53,0,1,0,
22.95,53,0,1,0,
22.96,53,0,1,0,
22.97,53,0,1,0,
22.98,53,0,1,0,
22.9904,53,0,1,0,
23,53,0,1,0,
23.01,53,0,1,0,
23.02,53,0,1,0,
23.03,53,0,1,0,
23.04,53,0,1,0,
23.05,53,0,1,0,
23.06,53,0,1,0,
23.07,53,0,1,0,
23.08,53,0,1,0,
23.09,53,0,1,0,
23.1,53,0,1,0,
23.11,53,0,1,0,
23.12,53,0,1,0,
23.13,53,0,1,0,
23.14,53,0,1,0,
23.15,53,0,1,0,
23.16,53,0,1,0,
23.17,53,0,1,0,
23.18,53,0,1,0,
23.19,53,0,1,0,
23.2,53,0,1,0,
23.21,53,0,1,0,
23.22,53,0,1,0,
23.23,53,0,1,0,
23.24,53,0,1,0,
23.25,53,0,1,0,
23.26,53,0,1,0,
23.27,53,0,1,0,
23.28,53,0,1,0,
23.29,53,0,1,0,
23.3,53,0,1,0,
23.31,53,0,1,0,
23.32,53,0,1,0,
23.33,53,0,1,0,
23.34,53,0,1,0,
23.35,53,0,1,0,
23.36,53,0,1,0,
23.37,53,0,1,0,
23.38,53,0,1,0,
23.39,53,0,1,0,
23.4,53,0,1,0,
23.41,53,0,1,0,
23.42,53,0,1,0,
23.43,53,0,1,0,
23.44,53,0,1,0,
23.45,53,0,1,0,
23.46,53,0,1,0,
23.47,53,0,1,0,
23.48,53,0,1,0,
23.49,53,0,1,0,
23.5,53,0,1,0,
23.51,53,0,1,0,
23.52,53,0,1,0,
23.53,53,0,1,0,
23.54,53,0,1,0,
23.55,53,0,1,0,
23.56,53,0,1,0,
23.57,53,0,1,0,
23.58,53,0,1,0,
23.59,53,0,1,0,
23.6,53,0,1,0,
23.61,53,0,1,0,
23.62,53,0,1,0,
23.63,53,0,1,0,
23.64,53,0,1,0,
23.65,53,0,1,0,
23.66,53,0,1,0,
23.67,53,0,1,0,
23.68,53,0,1,0,
23.69,53,0,1,0,
23.7,53,0,1,0,
23.71,53,0,1,0,
23.72,53,0,1,0,
23.73,53,0,1,0,
23.74,53,0,1,0,
23.75,53,0,1,0,
23.76,53,0,1,0,
23.77,53,0,1,0,
23.78,53,0,1,0,
23.79,53,0,1,0,
23.8,53,0,1,0,
23.81,53,0,1,0,
23.82,53,0,1,0,
23.83,53,0,1,0,
23.84,53,0,1,0,
23.85,53,0,1,0,
23.86,53,0,1,0,
23.87,53,0,1,0,
23.88,53,0,1,0,
23.89,53,0,1,0,
23.9,53,0,1,0,
23.91,53,0,1,0,
23.92,53,0,1,0,
23.93,53,0,1,0,
23.94,53,0,1,0,
23.95,53,0,1,0,
23.96,53,0,1,0,
23.97,53,0,1,0,
23.98,53,0,1,0,
23.99,53,0,1,0,
24,53,0,1,0,
24.01,53,0,1,0,
24.02,53,0,1,0,
24.03,53,0,1,0,
24.04,53,0,1,0,
24.05,53,0,1,0,
24.06,53,0,1,0,
24.07,53,0,1,0,
24.08,53,0,1,0,
24.09,53,0,1,0,
24.1,53,0,1,0,
24.11,53,0,1,0,
24.12,53,0,1,0,
24.13,53,0,1,0,
24.14,53,0,1,0,
24.15,53,0,1,0,
24.16,53,0,1,0,
24.17,53,0,1,0,
24.18,53,0,1,0,
24.19,53,0,1,0,
24.2,53,0,1,0,
24.21,53,0,1,0,
24.22,53,0,1,0,
24.23,53,0,1,0,
24.24,53,0,1,0,
24.25,53,0,1,0,
24.26,53,0,1,0,
24.27,53,0,1,0,
24.28,53,0,1,0,
24.29,53,0,1,0,
24.3,53,0,1,0,
24.31,53,0,1,0,
24.32,53,0,1,0,
24.33,53,0,1,0,
24.34,53,0,1,0,
24.35,53,0,1,0,
24.36,53,0,1,0,
24.37,53,0,1,0,
24.38,53,0,1,0,
24.39,53,0,1,0,
24.4,53,0,1,0,
24.41,53,0,1,0,
24.42,53,0,1,0,
24.43,53,0,1,0,
24.44,53,0,1,0,
24.45,53,0,1,0,
24.46,53,0,1,0,
24.47,53,0,1,0,
24.48,53,0,1,0,
24.49,53,0,1,0,
24.5,53,0,1,0,
24.51,53,0,1,0,
24.52,53,0,1,0,
24.53,53,0,1,0,
24.54,53,0,1,0,
24.55,53,0,1,0,
24.56,53,0,1,0,
24.57,53,0,1,0,
24.58,53,0,1,0,
24.59,53,0,1,0,
24.6,53,0,1,0,
24.61,53,0,1,0,
24.62,53,0,1,0,
24.63,53,0,1,0,
24.64,53,0,1,0,
24.65,53,0,1,0,
24.66,53,0,1,0,
24.67,53,0,1,0,
24.68,53,0,1,0,
24.69,53,0,1,0,
24.7,53,0,1,0,
24.71,53,0,1,0,
24.72,53,0,1,0,
24.73,53,0,1,0,
24.74,53,0,1,0,
24.7501,53,0,1,0,
24.76,53,0,1,0,
24.77,53,0,1,0,
